sidc,patterns
10062500002819000000,ПРОТИТАНКОВИЙ РІВ ТА ПІРАМІДИ|ПРОТИТАНКОВІ НАДОВБИ|ПРОТИТАНКОВІ ПІРАМІДИ
10061500322203000000,РЛК ЯСТРЕБ АВ|ROLL PARK
10061000001505040000,Р-934БМВ|Р-330Ж|РЕБ|рэб|КОМСТАНЦІЯ ПОДАВЛЕННЯ НАВІГАЦІЇПЛЕКС ПРОТИДІЇ БПЛА|РБ-301Б|ROSC 1|ROSC-1|СТАНЦІЯ ПОДАВЛЕННЯ НАВІГАЦІЇ|СТАНЦІЯ ПОДАВЛЕННЯ НАВІГАЦІЇ|ПОЛЕ-21|ПРИДУШЕННЯ ЗВ'ЯЗКУ|СТАНЦІЯ ПЕРЕШКОД СИСТЕМ НАВІГАЦІЇ|КОМПЛЕКС ПРИДУШЕННЯ СИГНАЛІВ НАВІГАЦІЙНИХ СИСТЕМ|БОРИСОГЛЕБСЬК-2|P-934БМВ|Р-934|СТВОРЕННЯ ПЕРЕШКОД|EW|TOOTH RIDGE|NAVIGATION JAMMER
10061500002001000000,ПЕЛЕНГ АЗАРТУ|АНТЕНА|ПЕЛЕНГ P-440|ПЕЛЕНГ R-419|АНТЕНИ|ПЕЛЕНГ ДМХ ЗВ'ЯЗКУ|Р-440|BROADCAST ANTENNA|АНТЕНА ЗВ’ЯЗКУ
10061000001110010000,Р-444|R-444|P-187|Р-187|R-187|R-168|Р-168|P-168|Р-392|DMR|ПЕЛЕНГ УКХ ЗВ'ЯЗКУ|P-392|АМ ЗВ'ЯЗКУ|R-392|R-409|R-412|R-415|R-419|R-423|R-438|R-440|R-441|R-794
10061000001110040000,СТАНЦІЯ СУПУТНИКОВОГО ЗВ`ЯЗКУ|ПЕЛЕНГ VSAT|ПЕЛЕНГАЦІЯ РАДІОСТАНЦІЇ VSAT|ПЕЛЕНГ РАДІОСТАНЦІЇ VSAT|ПЕЛЕНГ ТЕРМІНАЛУ СУПУТНИКОВОГО ЗВ'ЯЗКУ|Р-438|ПЕЛЕНГ R-438|P-438|VSAT|Р-441|Р-423|GROUND SATELLITES
10061000001110020000,Р-419|Р-415|Р-409|РЕЛЕ ЗВ’ЯЗКУ
10061002001100000000,ШТАБ|ШТАБА|ШТАБУ|ШТАБОМ|ШТАБЕ
10061500321111040000,ПАНЦИР-С1|ЗРГК ПАНЦИРЬ|ПАНЦИРЬ-С1|ЗГРК 96К6|ПАНЦИР-S1|ПАНЦИР-C1|ПАНЦИРЬ-С|96К6|ПАНЦИРЬ-С2|ЗРГК ПАНЦИР|ПАНЦИР С1|ПАНЦИР С2|ПАНЦИР-С2|SA-22
10061500332203000000,РЛС 9С18М1 КУПОЛ|9С36|9С32|АРК-1|9С18|9С15
10061500352203000000,96L6E|1Л125|1L125|НЕБО-СВУ|НЕБО СВУ|РЛС П-12|TIN SHIELD|NEBO-SVU
10061500331111040000,ЗРК БУК|БУК-М3|БУК-М1|9К317М|БУК М2|БУК-М2|БУК М1|9К37|БУК М3|БУК|9А317|BUK M2|BUK M3|SA-11|SA-17|SA-27|BUK-M1|BUK-M2|BUK-M3|BUK-M
10061002001100000000,ПЕЛЕНГ С2|С2(?![-\d])|C2(?![-\d])|КОМАНДНО-СПОСТЕРЕЖНИЙ ПУНКТ|COMMAND AND CONTROL|КНП|КСП
10062500001601000000,СПОСТЕРЕЖНИЙ ПУНКТ (СП)|СПОСТЕРЕЖНИЙ ПУНКТ|СП|НАБЛЮДАТЕЛЬНЫЙ ПУНКТ (НП)|НП|НАБЛЮДАТЕЛЬНОГО ПУНКТА|НАБЛЮДАТЕЛЬНОМУ ПУНКТУ|НАБЛЮДАТЕЛЬНЫМ ПУНКТОМ
10061002001100000000,ПУ / КШМ|ПУ/КШМ|ПУНКТ УПРАВЛІННЯ|КОМАНДНИЙ ПУНКТ|ПУ/КШМ|ПІДРОЗДІЛ УПРАВЛІННЯ|РОСІЙСЬКИЙ ПУ|ПУ|КП|Командування та управління
10061500001201020000,КШМ|КОМАНДНО ШТАБНАЯ МАШИНА
10062000001213060000,РЕМ.БАЗА|РЕМБАЗА|РЕМОНТНА БАЗА|БАЗА РЕМОНТУ
10061500322203000000,РЛС ТЕРЕК|КАСТА|91Н6|92Н6Е|96Л6Е|96Л6-ЦП|48Я6-К1|96L6-TSP|96L6-ЦП|55Ж6М|NEBO-M|91N6|НІОБІЙ-СВ|96Л6|76Н6|SPOON REST|CHEESE BOARD
10061500331111000000,ТЗМ БУК-М1|ТЗМ 9Т234 РСЗВ 9К58
10061500331111000000,ПУСКО-ЗАРЯДНА УСТАНОВКА|ПУСКОВО-ЗАРЯЖАЮЩАЯ УСТАНОВКА|ПУСКОВО-ЗАРЯЖАЮЩЕЙ УСТАНОВКИ|ПУСКОВО-ЗАРЯЖАЮЩУЮ УСТАНОВКУ
10061500351111040000,С-125|C-125
10061500331111070000,С-300ВМ|С-300В М|С-300В|SA-23|С-300В|С-300 В|C-300В|C-300 В|C-300B
10061500321111000000,С-300ПМ|С-400|C-300ПС|C-400|SA-21|TRIUMF
10061500001111000000,С-300|C-300
10061500321111000000,С-350|C-350
10061500331111050000,ТОР-М2|ЗРК ТОР|ТОР-M2|ТОР -M2|9К330|ТОР-М|ТОР М2|TOP М1|ТОР М1|SAM TOR M2|SAM TOR M1/M2|SA-15
10061500321111050000,ЗРК 9К33 ОСА|ЗРК ОСА|9K33 OSA|9K33 ОСА|ППО ОСА|ОСА|SA-8|OSA
10061500331111010000,СТРІЛА 10|СТРІЛА-10|СТРЕЛА-10|СТРІЛА-2М|9К32|СТРІЛА-3|9К34
10061500331111000000,ТУНГУСКА|2С6|SA-19
10061500331105000000,ЗСУ-23-4|ШИЛКА
10061500002203000000,1L122 1E|РЛС|АІСТЕНОК|АІСТЬОНОК|РЕР|1Л122-1E|1L1221E|1L122-1E|AISTENOK|1Л122-1Е
10061500001111000000,ППО|ЗРК
10061500332203000000,ЗООПАРК|ZOOPARK
10060100001101050000,СУ-34|СУ34
10060100001101000000,СУ-30|СУ-35С|СУ30|СУ35С
10060100001101000000,СУ-25|СУ25
10060100001102000000,МІ-24|КА-52|МІ-28|ML-24|KA-52|МИ-24|МИ24
10060100001102000000,МІ-8|ML-8|МИ-8|МИ8
10061500331116000000,ТОС-1А|ТОС-1|ТОС СОНЦЕПЬОК
10061500321116000000,БМ-30|БМ30|СМЕРЧ
10061500321116000000,БМ-27|БМ27|РСЗВ 9К57|9К57
10061500321116000000,ГРАД|9К51М|ТОРНАДО-Г|БМ-21|БМ21
10061500321116000000,РСЗВ|РСЗО
10061000001211000000,РОСІЙСЬКИЙ ПІДРОЗДІЛ ПВК|ПВК ВАГНЕРА|ПВК ВАГНЕР|ПВК
10061500331109000000,2С7|ПИОН|ПІОН
10061500331107000000,ГІАЦИНТ-С|2С5
10061500331109000000,МСТА-С|2С3|2С19
10061500331109010000,2С1|2С9|ГВОЗДИКА
10061500331109000000,САУ|САМОХОДНАЯ АРТИЛЛЕРИЙСКАЯ УСТАНОВКА|САМОХІДНА АРТИЛЛЕРІЙСЬКА УСТАНОВКА
10061500351107000000,ГІАЦИНТ-Б|2А36
10061500351109000000,Д-20|МСТА-Б|2А65
10061500351109000000,Д-30|Д-44|Д- 30
10061500351106010000,МТ-12|МТ12|РАПІРА
10061510331114030000,ТЮЛЬПАН|2С4
10062500002501000000,ВОГНЕВА ПОЗИЦІЯ|ВП АРТИЛЕРІЇ|ВП З РСЗО|АРТИЛЕРІЯ НА ВОГНЕВИХ ПОЗИЦІЯХ|АРТ. ПОЗИЦІЯ|ВОГНЕВІ ПОЗИЦІЇ|ВП
10061500351107000000,ГАРМАТИ|ПОЛЬОВА АРТИЛЕРІЯ|ГАРМАТА|ГАРМАТ|ОРУДИЕ
10061500001109000000,ГАБИЦІ|БУКСИРУВАНА АРТИЛЕРІЯ|ГАУБИЦЯ|ДАЛЕКОБІЙНА АРТИЛЕРІЯ|ГАУБИЦІ|СТВОЛЬНА АРТИЛЕРІЯ|АРТИЛЕРІЯ|АРТИЛЕРІЙСЬКІ УСТАНОВКИ|ARTILLERY|ГАУБИЦА|АРТИЛЕРІЙСЬКА СИСТЕМА|АРТИЛЛЕРИЙСКАЯ СИСТЕМА|АРТА|СТВОЛ|СТВОЛКА|СТВОЛЬНАЯ
10061500001109000000,ПРИЧЕПНА АРТИЛЕРІЯ|ПРИЧЕПУХА|БУКСОВАНА АРТИЛЕРІЯ|БУКСИРУЕМАЯ АРТИЛЛЕРИЯ
10061500001202000000,Т-72|Т-80|Т-64|Т-62|Т-90
10061500001112000000,ПТРК|ПРОТИВОТАНКОВЫЙ РАКЕТНЫЙ КОМПЛЕКС|ПТУР
10061500331112000000,9Р148|КОНКУРС|9Р149|ШТУРМ-С|9Р162|КОРНЕТ-Т|9Р157|ХРИЗАНТЕМА-С|РОБОТ
10061500321112000000,КОРНЕТ-Д|КОРНЕТ-ЕМ
10061500001117000000,ПУСКОВА УСТАНОВКА ПРОТИТАНКОВОЇ РАКЕТИ|ПУСКОВАЯ УСТАНОВКА ПРОТИВОТАНКОВОЙ РАКЕТЫ
10061500001202000000,ОБТ|ТАНК|ТАНКА|ТАНКИ
10061500001201000000,ББМ|МТЛБ|БМП|МТ-ЛБ|БМД|БОЙОВА БРОНЬОВАНА МАШИНА|БРОНЬОВАНІ МАШИНИ|ARMOR
10061500001201000000,БТР|БРОНЕТРАНСПОРТЕР
10061500351114030000,МІНОМЕТ 120 ММ|МИНОМЕТ 120 ММ|мин120
10061500001114000000,СЕРЕДНІЙ МІНОМЕТ|СРЕДНИЙ МИНОМЕТ|МИНОМЕТ
10061500001114000000,МІНОМЕТ|МИНОМЕТ|MORTAR|МИНАМЕТ|МИНОМЕТЫ|миномёт
10061500001203000000,БРЕМ-1
10061500001308000000,ЗЕМЛЕРИЙНА МАШИНА|ЗЕМЛЕРИЙНІ МАШИНИ|ЕКСКАВАТОР
10061500001311000000,БАТ-2
10061500001300000000,ІНЖЕНЕРНА ТЕХНІКА|ІНЖЕНЕРНОЇ ТЕХНІКИ|ІНЖЕНЕРНА МАШИНА|ІНЖЕНЕРНИХ МАШИН|ІНЖЕНЕРНІ МАШИНИ|ІНЖ. ТЕХ|ІНЖЕНЕРНА  МАШИНА
10061000001617000000,МТЗ
10062000001107010000,ПЕРЕПРАВА|МІСТ|ПЕРЕПРАВУ|BRIDGE CONSTRUCTION
10061500321409000000,ПАЛИВОЗАПРАВНИК|БЕНЗОВОЗІВ|ТРАНСПОРТ ПММ|ТОПЛИВОЗАПРАВНИКИ
10061500001408000000,ВАТ|ВАНТАЖІВКА|ВАНТАЖНИЙ АВТОМОБІЛЬ|ЛОГІСТИЧНОЇ ТЕХНІКИ|ВАНТАЖНИЙ ВІЙСЬКОВИЙ АВТОМОБІЛЬ|ВАНТАЖНІ ВІЙСЬКОВІ АВТОМОБІЛІ|ВАНТАЖНИХ ВІЙСЬКОВИХ АВТОМОБІЛІВ|УРАЛ|КАМАЗ З ТЕНТОМ|КАМАЗ|ЛОГІСТИЧНИЙ ТРАНСПОРТ|КАМАЗ|ВАНТАЖНІ АТ|ВАНТАЖНІ ВА|ВАНТАЖНИХ ВА|ГАЗ-66|ТРАНСПОРТНІ ЗАСОБИ ЛОГІСТИКИ|ВА|MILITARY CARGO VEHICLES
10061500001201100000,БРОНЕАВТОМОБІЛЬ|ТІГР
10061500321111000000,ПЛОЩАДКА ДЛЯ ПОСАДКИ ВЕРТОЛЬОТІВ|ПЛОЩАДКА ДЛЯ ПОСАДКИ ВЕРТОЛЕТОВ|ВЕРТОЛЕТНАЯ ПЛОЩАДКА
10060100001102000000,ГЕЛІКОПТЕР|ВЕРТОЛІТ
10061500001200000000,ОВТ|ОІВТ|ВТ/ВА|ВТ
10061500002013000000,НАМЕТ|НАКРИТТЯ
10061500002013000000,УСТ-56|М-10|ПА-10
10061000111219000021,НСУ|НСУ БПЛА|НАЗЕМНА СТАНЦІЯ УПРАВЛІННЯ БПЛА|БЕЗПІЛОТНІ ПОВІТРЯНІ СИСТЕМИ|GCS|НАЗЕМНА СТАНЦІЯ КЕРУВАННЯ БПЛА|UAV GCS
10061000001211000000,РОСІЙСЬКІ БОЙОВИКИ|ОС РОВ|ПІХОТА|INFANTRY|TROOPS
10061000001211000000,МОТОСТРІЛЕЦЬКИЙ ПІДРОЗДІЛ|МОТОСТРЕЛКОВОЕ ПОДРАЗДЕЛЕНИЕ
10061000001200000000,ВІЙСЬКОВИЙ ПІДРОЗДІЛ|ВІЙСЬКОВИЙ ПІДРОЗДІЛ|РОСІЙСЬКІ ПІДРОЗДІЛИ|НЕВИЗНАЧЕНИЙ ПІДРОЗДІЛ|НЕВИЗНАЧЕНІ ПІДРОЗДІЛИ|ТАКТИЧНИЙ ПІДРОЗДІЛ СВ ЗС РФ
10061000001407000000,ІНЖЕНЕРНИЙ ПІДРОЗДІЛ|ИНЖЕНЕРНОЕ ПОДРАЗДЕЛЕНИЕ
10061500321410000000,ВОДОВОЗ
10061000001611000000,МТОР
10061500001304000000,ПМП|FLOATING BRIDGE
10061500001603000000,МІКРОАВТОБУС|УАЗ-452|БУХАНКА
10061500001605000000,ДЖИП|УАЗ-469
10061500001602000000,ПІКАП|УАЗ-39094
10062000001103000000,БОЄПРИПАСИ|СКЛАД БОЄПРИПАСІВ|СКЛАД ОЗБРОЄННЯ ТА БОЄПРИПАСІВ|СКЛАД БК|СКЛАДИ БОЄПРИПАСІВ|AMMUNITION CACHE
10063000001200000000,СУДНО ВМС|КОРАБЛЬ ВМФ
10060100001103000000,БПЛА|БЕЗПИЛОТНИК|ПТИЧКА
10060100001101070000,ІЛ-76|АН-140|АН-26|АН-72
10062000001207020000,ЛІКАРНЯ / ГОСПІТАЛЬ|ШПИТАЛЬ|СТАБІЛІЗАЦІЙНИЙ МЕДИЧНИЙ ПУНКТ|MEDICAL FACILITY
10062000001205000000,СКЛАД ПММ|СЛУЖБА ПММ
10062500001303000000,БЛОК-ПОСТИ|БЛОК-ПОСТ|БЛОК ПОСТИ|БЛОК ПОСТ|БЛОКПОСТ
10061500001601000000,ЛЕГКОВИЙ АВТОМОБІЛЬ|ЛЕГКОВИЙ ВІЙСЬКОВИЙ АВТОМОБІЛЬ|ЛЕГКОВІ ВІЙСЬКОВІ АВТОМОБІЛІ|ЛЕГКОВИХ ВІЙСЬКОВИХ АВТОМОБІЛІВ|АВТОМОБІЛЬ
10061500001407000000,ЛАТ
10062500002812000000,ІФО|ОКОПИ|БЛІНДАЖ|ФОРТ|ТРАНШЕЇ|КАПОНІР|ТРАНШЕЯ|ОКОП|ФОМ|БЛИНДАЖ
10062500002809000000,УКРИТТЯ|УКРЫТИЕ|ДОТ
10062000001212000000,ТЕЛЕКОМУНІКАЦІЙНА ВЕЖА|ТЕЛЕВЕЖА|ВЕЖА МОБІЛЬНОГО ЗВ'ЯЗКУ|ВЕЖА ТЕЛЕКОМУНІКАЦІЙ|ВЕЖА ЗВ'ЯЗКУ
10012000001205000000,Трансформатор|Трансформаторы|Трансформаторная подстанция|Трансформ
10062500003211000000,ТОЧКА ПІДБОРУ МЕДИЧНОЇ ЕВАКУАЦІЇ|ТОЧКА ЕВАКУАЦІЇ|ГРУПА ЕВАКУАЦІЇ
10061500001403000000,МЕДИЧНА ЕВАКУАЦІЯ|МЕДИЦИНСКАЯ ЭВАКУАЦИЯ|эвакуация|МЕДЕВАК
10061500001309000000,УР-77|УРКА|МЕТЕОРИТ
10061000001413000000,НАЗЕМНА МІНА|НАЗЕМНАЯ МИНА|МІНА|МИНА
10062000001208000000,КАЗАРМИ|МІСЦЕ ПРОЖИВАННЯ|КАЗАРМА|ПРОЖИВАННЯ ОС
10062000001120000000,СКЛАД|склады
10062500002707010000,МІННЕ ПОЛЕ|РАЙОН МІНУВАННЯ
10062000001205040000,НАФТОБАЗА|PETROL STATION
10064000001106000000,ВОГНЕВЕ УРАЖЕННЯ|ОГНЕВОЕ ПОРАЖЕНИЕ
10061500001112030000,МЕТИС-М|9К115-2|МЕТИС|ФАГОТ
10061500001103030000,СПГ|СПГ-9|копьё
10061000001110000000,АМ ЗВ’ЯЗКУ|ПЕЛЕНГ НЕВСТАНОВЛЕНОГО ОБЛАДНАННЯ|AR-2|COMMS STATION
10062000001205010000,ЕЛЕКТРОПІДСТАНЦІЯ|ЕЛЕКТРИЧНА ПІДСТАНЦІЯ
10061500321113000000,ІСКАНДЕР|ИСКАНДЕР
10061000001112000000,ВІДЕО (БОЙОВА КАМЕРА)|ВІДЕОКАМЕРА|ВІДЕО|ЗАСОБИ ВІДЕОСПОСТЕРЕЖЕННЯ|КОМПЛЕКС СПОСТЕРЕЖЕННЯ|Камера спостереження
10061500001103000000,ГРАНАТОМЕТ|CЕРЕДНІЙ ГРАНАТОМЕТ|АГС
10062000001119020000,НАВЧАЛЬНИЙ ТАБІР|НАВЧАЛЬНИЙ ПОЛІГОН РОВ
10061500001102000000,КУЛЕМЕТ|ПУЛЕМЕТ|ПКМ|Утёс|корд
10062000001213070000,ЗАЛІЗНИЧНА СТАНЦІЯ|ЗАЛІЗНИЧНІ СТАНЦІЇ|ЛОКОМОТИВНЕ ДЕПО
10062500003202000000,МІСЦЕ ПЕРЕЗАРЯДЖЕННЯ|МЕСТО ПЕРЕЗАРЯДКИ
10061500002103000000,ТМ-62|ТМ62|ТМ|ТМКА|ПТМ
10061500002102000000,ПНМ|ПМН|МОН|ОЗМ|ПНМКА|МОНКА|ОЗМКА|ПОМ|КПОМ
10062500003217000000,ПУНКТ ЗАГАЛЬНОГО ПОСТАЧАННЯ|TROOP SUSTAINMENT|WEAPONS / EQUIPTMENT SHIPMENT|ПОДВОЗ|ПОДВОЗКА|разгруз|разгрузка|ПОСТАЧАННЯ|выгрузка
10062000001214000000,WATER SUPPLY INFRASTRUCTURE|ИНФРАСТРУКТУРА ВОДОСНАБЖЕНИЯ
10062000001205000000,ENERGY FACILITY|ЭНЕРГЕТИЧЕСКИЙ ОБЪЕКТ|ЭНЕРГЕТИЧЕСКОЕ СООРУЖЕНИЕ
10061500001200000000,КВАДРОЦИКЛ|КВАДРАЦИКЛ|МОТОЦИКЛ
10013000001208000000,ЧОВЕН|ЧОВНИ|СУДНО|СУДНА|СУДНУ|СУДНОМ|СУДНАМИ|СУДНА|ЛОДКА|ЛОДКИ
10011500001407000000,АТ|АВТО|ПИКАП|ПІКАП
10060100001103000100,fpv|фпв|камик|камикадзе|фпвшники
10012000000000000000,СПОРУДА|СТРОЕНИЕ|BUILDING
10061500001304000000,ПМП|FLOATING BRIDGE|ПОНТОН
30061500001314000000,СПЕЦІАЛЬНА ТЕХНІКА|СПЕЦТЕХНІКА|СПЕЦТЕХНІКА|СПЕЦТЕХНИКА|СПЕЦИАЛЬНАЯ ТЕХНИКА
10061000141211040000,МСВ|МВ
10061000151211040000,МСР|МР
10061000161211040000,МСБ|МБ|ОМСБ
10061000161211000000,СБ|ОСБ
10061000161205000000,ТБ
10061000171205000000,ТП
10061000181205000000,ОТБ|ТБ
10061000161205010000,(?=.*ОРБ)(?=.*ТД)
10061000161205010000,(?=.*ОРБ)(?=.*МСД)
10061000161213000000,ОРБ
10061000181213000000,ОБРР
10061000171211020000,МСП|МОТОРИЗИРОВАНЫЙ ПОЛК|ОМСП
10061000001211040000,(?=.*ОМСБ)(?=.*ТРВ)
10061000181211040000,ОМСБР|МСБР|ОМСБ|ОМБР
10061000001211040000,МОТОСТРЕЛКОВОЕ|МОТОСТРЕЛЕЦКИЙ|МОТОСТРЕЛКИ
10061000141201000000,ДШВ|ПДВ
10061000151201000000,ДШР|ПДР
10061000161201000000,ДШБ|ПДБ
10061000171201000000,ДШП|ПДП
10061000181201000000,ОДШБР|ДШБР|ПДБР
10061000211201000000,ВДД|ПДД
10061000001201000000,ВДВ|ДЕСАНТНИКИ|ДЕСАНТУРА|ДЕСАНТ
10061000001203000000,ОБМП|ОБРМП|ОПМП
10061000001217000000,СПП|СППН|ОБРСПН|ОБСПП|ОРСПП|ОРСППН|ОБРСППН?|ОРШЗ|СПЕЦНАЗ|СПЕЦНАЗУ|СПЕЦНАЗА|ОПСППН?|ОПСПН
10061000151211000000,РОТА
10061000161211000000,БАТ|БАТАЛЬОН|БАТАЛЬЙОН
10061000171211000000,ПОЛК|ОСП
10061000001211001400,ОПСН|АХМАТОВЦІ|АХМАТИ|АХМАТ|КАДИРОВЦІ|ОБРОП|ОБОП
10061000001211000100,ДРШБР|ДРШЗ|ДРШО|ОДРШБР|ОКРШЗ|ШЗ
10061000001211000000,ТРВ|ТЕРВ|ПЕХОТА|ПЕХОТНЫЙ|ПІХОТА|ПІХОТНИЙ|БАРС|ЗАГІН|ОТРЯД|АК|ЗВА|ОВА|ЗСБ|ОБТФ|ТРО|ЧВК|ВБ|ОРЕЗБ|ОРР|ЕСПАНЬОЛА|ОБР|ОСП|ООБПДС|КСБ|ПІХОТИНЕЦЬ|ПЕХОТИНЕЦЬ|піхотний підрозділ
10061500331201000000,BMD|БМД
10061500331201000000,BMO-T|БМО-Т
10061500331201000000,BMP-1|БМП-1
10061500331201000000,BMP-2|БМП-2
10061500331201000000,BMP-2M|БМП-2М
10061500331201000000,BMP-3|БМП-3
10061500331201000000,BMP-SERIES|БМП
10061500321201000000,BRDM-2|БРДМ-2
10061500331201000000,BRM-1K|БРМ-1К
10061500331201000000,BRM-3K|БРМ-3К
10061500321201000000,BTR-60|БТР-60
10061500321201000000,BTR-70|БТР-70
10061500321201000000,BTR-80|БТР-80
10061500321201000000,BTR-82|БТР-82
10061500321201000000,BTR-90|БТР-90
10061500331201000000,BTR-D|БТР-Д
10061500321201000000,BTR-SERIES|БТР
10061500331412000000,MT-LB|МТ-ЛБ
10061500001201000000,SBA-60K2|СБА-60К2
10061500001202000000,T-14|Т-14
10061500001202000000,T-62|Т-62
10061500001202000000,T-64|Т-64
10061500001202000000,T-72|Т-72
10061500001202000000,T-80|Т-80
10061500001202000000,T-90|Т-90
10061000001303000000,1V12M|1В13
10061000001303000000,1V152|1В152
10061000001303000000,1V198|1В198|Канонада
10061500001109000000,2A18|2А18|Д-30
10061500001106000000,2A29|МТ-12|2А29|Рапіра
10061500331106000000,2S25|СПРУТ-СД|СПРУТ-СДМ1
10061500001109000000,2A36|2А36|Гиацинт-Б
10061500351109000000,2A65|2А65|Мста-Б
10061500001114000000,2B11|2С12|Сани
10061500001114000000,2B14|2Б14-1|Поднос
10061500351109000000,2B16|2Б16|Нона-К
10061500001114000000,2B9|2Б9М|Василек
10061500331109000000,2S1|2С1|Гвоздика
10061500001114000000,2S12|2С12
10061500331109000000,2S19|2С19|Мста-С
10061500321114000000,2S23|2С23|Нона-СВК
10061500331109000000,2S3|2С3|Акация
10061500331109000000,2S34|2С34|Хоста
10061500331109000000,2S35|2С35|Коалиция-СВ
10061500331114000000,2S4|2С4|Тюльпан
10061500331109000000,2S5|2С5|Гиацинт
10061500321114000000,2S9|2С9|Нона-С
10061500331109000000,2S7M|2С7|Пион
10061000001303000000,AZK-7|1Б33|АЗК-7|Мезотрон
10061500001116000000,BM-21|БМ-21|Град
10061500001116000000,BM-27|БМ-27|Ураган
10061500001116000000,BM-30|БМ-30|Смерч
10061000001303000000,PRP-4|1В121|ПРП-4
10061000001303000000,PRP-4A|1В166|ПРП-4А
10061500001116000000,TOS-1|ТОС-1|Солнцепек
10061500351109000000,D-20|Гармата-гаубиця|Д-20
10061500331105000000,SHILKA|ЗСУ-23-4|Шилка
10061500001113000000,9K720|Искандер–М|9К720
10060100001101000000,IL-22|Іл-22
10060100001101000000,IL-76|Іл-76
10060100001101000000,MIG 29|Міг-29
10060100001101000000,MIG 31|Міг-31
10060100001101000000,SU-24|Су-24
10060100001101000000,SU-25|Су-25
10060100001101000000,SU 27|Су27
10060100001101000000,SU-30|Су-30
10060100001101000000,SU-30SM|Су-30СМ
10060100001101000000,SU-34|Су-34
10060100001101000000,SU-35|Су-35
10060100001101000000,SU-57|Су-57
10060100001101000000,SU-24M|Су-24M
10060100001101000000,TU-160|Ту-160
10060100001101000000,TU-22M3|Ту-22М3
10060100001101000000,TU-95MC|Ту-95МС
10060100001102000000,MI-8|Мі-8
10060100001102000000,MI-8 HIP|Мі-8
10060100001102000000,KA-25PL|Ка-25ПЛ
10060100001102000000,MI-17|Мі-17
10060100001102000000,KA-52|Ка-52
10060100001102000000,KA-50|Ка-50
10060100001102000000,MI-28|Мі-28
10060100001102000000,MI-24|Мі-24
10060100001102000000,MI-35|Мі-35
10061000001303000000,1B110|1В110
10061000001100000000,AKATSIYA-ME|Акация-МЕ
10061500001201000000,R145BM|Р-145БМ
10061500001201000000,R149BMR|Р-149БМР|Кушетка-Б
10061500001201000000,R149MA1|Р-149МА1
10061500001201000000,R-166|Р-166
10061500001203000000,REM-KS|РЕМ-КС
10061000001110000000,R-430l|Р-430Л
10061000001505000000,KAMAZ|КАМАЗ
10061500001311000000,B10M2S|Б10М2С
10061500331203000000,BREM-1|БРЕМ-1
10061500331203000000,BREM-1M|БРЕМ-1М
10061500321203000000,BREM-K|BREM-К
10061500331203000000,BREM-L|BREM-Л
10061500331308000000,BTM-3|БТМ-3
10061500001311000000,BTS-150B|БТС-150В
10061500321308000000,EOV-3521|ЕОВ-3521
10061500321308000000,EOV-3523|ЕОВ-3523
10061500321308000000,EOV-4421|ЕОВ-4421
10061500331310000000,GMZ-3|ГМЗ-3
10061500331201000000,IRM ZHUK|ІРМ ЖУК
10061500331309000000,IRM-2|ІРМ-2
10061500321310000000,ISDM ZEMLEDELIYE|ІСМ Земледелие
10061500321315000000,KS-3574|КСМ-3574
10061500331309000000,UR-77|УР-77
10061500321315000000,KS-45731|КС-45731
10061500321315000000,KS-55729-7M|КС-55729-7М
10061500001305000000,MTU|МТУ
10061500331308000000,MDK-3|МДК-3
10061500331305000000,MTU-72|МТУ-72
10061500331305000000,MTU-90|МТУ-90
10061500321307000000,PBU-100|ПБУ-100
10061500321304000000,PONTOON BRIDGE|понтонний міст
10061500321304000000,PP-2005|ПП-2005
10061500321304000000,PP-91|ПП-91
10061500321203000000,REM-KL|РЕМ-КЛ
10061500321301000000,TMM-3|ТММ-3
10061500321301000000,TMM-6|ТММ-6
10060100001103000000,FORPOST-R|ФОРПОСТ-Р
10060100001103000000,KUBBLA|Куб-БЛА
10060100001103000000,LASTOCHKA-M|ЛАСТОЧКА-М
10060100001103000000,MOHAJER-6|Мохаджер-6
10060100001103000000,ONE-WAY ATTACK UAV|Дрон-камікадзе
10060100001103000000,ORION|Оріон|Орион
10060100001103000000,ORLAN|Орлан-10
10061000001505000000,R-934 JAMMER|Р-934
10061000001505000000,R-934BMV|Р-934БМВ|Борисоглебск
10061000001505000000,R-934BMV JAMMER|Р-934БМВ|Борисоглебск
10061000001505000000,R-330ZH JAMMER|Р-330Ж|Житель
10061000001505000000,R-330ZH|Р-330Ж|Житель
10061000001505000000,R-330Zh Operations Vehicle|Р-330Ж|Житель
10061000001505000000,R-330Zh Antenna Trailer|Р-330Ж|Житель
10061000001505000000,POLE-21|Р-340РП|Поле 21
10061000001505000000,Leer-2|85Я6|Леер-2
10061000001505000000,Stryzh-3|Стриж-3
10061000001505000000,GNSS|подавлювач навігаційних супутників
10061000001505000000,R-330 JAMMER|Р-330Ж|Житель
10061000001505000000,POLE-21 JAMMER|Р-340РП|Поле 21
10061000001505000000,TOOTH RIDGE JAMMER|Р-340РП|Поле 21
10061500321111000000,SA-10|С-300П/ПС/ПТ
10061500331111000000,SA-11|9К37М1|Бук-М1
10061500331111000000,SA-12|9К81|С-300В
10061500331111000000,SA-13|9К35|Стрела-10
10061500331111000000,SA-15|9К330|Тор|TOR
10061500331111000000,SA-15B|9К331|Тор-М1
10061500331111000000,SA-15C|9К332|Тор-М2
10061500331111000000,SA-17|9К37М2|Бук-М2
10061500331111000000,SA-19|2С6|Тунгуска
10061500321111000000,SA-20|С-300ПМ/ПМУ
10061500321111000000,SA-21|С-400
10061500321111000000,SA-21 TEL|С-400
10061500321111000000,SA-22|96К6|Панцирь-С1|PANTSIR-S1|PANTSIR
10061500321111000000,SA-22A|96К6|Панцирь-С1
10061500321111000000,SA-22B|96К6|Панцирь-С2
10061500321111000000,SA22|96К6|Панцирь-С2
10061500321111000000,SA22B|96К6|Панцирь-С2
10061510321111000000,POSSIBLE SA-22B|96К6|Панцирь-С2
10061500331111000000,SA-23|С-300
10061500331111000000,SA23|С-300
10061500331111000000,SA-27|Бук-М3
10061500331111000000,SA27B|Бук-М3
10061500321111000000,SA-28|С-350
10061500321111000000,SA28|С-350
10061500321111000000,SA-28 TEL|С-350
10061500331111000000,SA-4|2К11|Круг
10061500001111000000,SA-5|С-200
10061500331111000000,SA-6|Куб
10061500321111000000,SA-8|9К33|Оса
10061500321111000000,SA8|9К33|Оса
10061500321111000000,SA-9|9К31|Стрела-1
10061500001105000000,ZU-23|ЗУ-23-2
10061500001201000000,SA-27 WAS COMMAND VEHICLE|9С510М|Бук-М3
10061500001201000000,FOREJUDGE A|КШМ ППО
10061500001201000000,FOREJUDGE D|КШМ ППО
10061500001201000000,LENINPLUM|9С510|Бук-М2
10061500331201000000,BARNAUL-T|Барнаул-Т
10061500001201000000,9S32T-1 Barnaul-T|Барнаул-Т
10061500001201000000,POLYANA-D4|Поляна-Д4
10061500331111000000,SCRUM HALF|9К330|Тор
10061500331111000000,SCRUM HALF A|9К331|Тор-М1
10061500331111000000,SCRUM HALF B|9К332|Тор-М2
10061500331111000000,CRABDISH|С-300ВМ
10061500331111000000,CRABDISH C|С-300ВМ
10061500331111000000,CRABDISH D|С-300ВМ
10061500331111000000,FIRE DOME|Бук-М1
10061500321111000000,LAND ROLL|9К33|Оса
10061500331111000000,HOT SHOT A|2С6|Тунгуска
10061500331111000000,HOT SHOT B|2С6|Тунгуска
10061500321111000000,GRAVEYARD|С-350
10061500321111000000,GRAVE YARD|С-350
10061500321111000000,TRICK SHOT|Панцирь
10061500321111000000,TRICK SHOT A|Панцирь-С1
10061500321111000000,TRICK SHOT B|Панцирь-С2
10061500331111000000,PAT HAND|2К11|Круг
10061500322203000000,VALDAY CUAS SYSTEM ROSC-1 RADAR|РОСК-1
10061500322203000000,ROSC-1 RADAR|РОСК-1
10061500322203000000,ROSK 1|РОСК-1
10061500332203000000,ZOOPARK|1Л219|Зоопарк
10061500332203000000,ZOOPARK-1|1Л219|Зоопарк-1
10061500332203000000,ZOOPARK-1M|1Л219|Зоопарк-1M
10061500332203000000,ZOOPARK-1 RADAR|1Л219|Зоопарк-1
10061500332203000000,ZOOPARK-1M RADAR|1Л219|Зоопарк-1M
10061500322203000000,ROLLPARK|Ястреб-АВ
10061500322203000000,ROLL PARK|Ястреб-АВ
10061500322203000000,BIG BIRD|91Н6|С-300ПМ/ПМУ
10061500322203000000,BIG BIRD A|91Н6А|С-300ПМ/ПМУ
10061500322203000000,BIG BIRD D|91Н6М|С-300ПМ/ПМУ
10061500322203000000,BIG BIRD E|91Н6|С-300ПМ/ПМУ
10061500322203000000,GRAVESTONE|92Н6Е|С-400
10061500332203000000,GRILL PAN|9С32|С-300В
10061500332203000000,GRILL PAN B|9С32|С-300В
10061500332203000000,GRILL SCREEN|9С32М|С-300ВМ
10061500332203000000,HIGH SCREEN|9С19|Имбирь
10061500332203000000,SA23 HIGH SCREEN|9С19|Имбирь
10061500332203000000,BILL BOARD|9С15|Обзор-3
10061500332203000000,MODIFIED BILL BOARD|9С15М|Обзор-3
10061500332203000000,SA23 BILL BOARD A2|9С15|Обзор-3
10061500322203000000,TOMBSTONE|64Н6Е|С-300В
10061500322203000000,TOMB STONE|64Н6Е|С-300В
10061500322203000000,CLAM SHELL|76Н6|С-300В
10061500322203000000,MOUSETRAP|96Л6E-АП|С-300
10061500322203000000,MOUSE TRAP|96Л6E-АП|С-300
10061500322203000000,MOUSE TRAP RADAR|96Л6E-АП|С-300
10061500332203000000,CHAIR BACK|9С36|Бук-М2
10061500332203000000,MEAN BACK|9С36М|Бук-М3
10061500332203000000,SA-27 FIRE-CONTROL RADAR|9С36М|Бук-М3
10061500332203000000,BIG BACK|СТ-67|Салют
10061500332203000000,BIG MESH|П-30|Хрусталь
10061500322203000000,FLAT FACE|Каста-2Е
10061500322203000000,FLAT FACE A|П-15|Тропа
10061500322203000000,FLAT FACE E|Каста-2Е2
10061500322203000000,THIN SKIN|ПРВ-9|Наклон-2
10061500322203000000,THIN SKIN A|ПРВ-9|Наклон-2
10061500322203000000,TIN SHIELD|СТ-68
10061500322203000000,TIN SHIELD A|СТ-68У
10061500322203000000,TIN SHIELD E|СТ-68УМ
10061500322203000000,SPOON REST|П-18|Терек
10061500322203000000,SPOON REST D3|П-18|Терек
10061500322203000000,SPOON REST D6|П-18|Терек
10061500322203000000,BOW RACK|55Ж6М|Небо-М
10061500322203000000,HALF RACK|1Л125|Ніобій-СВ
10061500322203000000,TALL RACK|55Ж6У|Небо-У
10061500352203000000,LOW CARD|Противник-ГЕ
10061500352203000000,LOW CARD B|Противник-ГЕ
10061500332203000000,SNOW DRIFT|9С18|Купол» ЗРК «Бук
10061500332203000000,SNOW DRIFT MOD|9С18М|Купол» ЗРК «Бук
10061500332203000000,SA27B SNOWDRIFTMOD|9С18М|Купол» ЗРК «Бук
10061500332203000000,TOKEN|П-20|Перископ
10061500002203000000,1L122|1Л122|Гармонь
10061500322203000000,CHIN STRAP|80К6M
10061500322203000000,CHEESEBOARD|96Л6Е
10061500322203000000,CHEESE BOARD|96Л6Е
10061500322203000000,CHEESE BOARD RADAR|96Л6Е
10061500322203000000,CHEESE TRAP|96Л6Е
10061500332203000000,TUBE ARM|9С18|Купол-М
10061500322203000000,FLAP LID|30Н6Е
10061500322203000000,FLAP LID A|30Н6Е
10061500002203000000,AISTENOK|1Л271|Аистёнок
10061500352203000000,BAR LOCK|П-35|Сатурн
10061500352203000000,BAR LOCK A|П-35|Сатурн
10061500322203000000,BOX SPRING|1Л13-3|Небо-СВ
10061500322203000000,FLIP CARD|55Ж6М|Небо-М
10061500322203000000,FLIP CARD RADAR|55Ж6М|Небо-М
10061500352203000000,THIN CARD|Противник-ГЕ
10061500322203000000,ODD PAIR|ПРВ-13
10061500322203000000,POP GROUP|М-4|Оса-М
10063000001211000000,BASS TILT|МР-123|Вимпел-А
10061500322203000000,TWO SPOT|РСП-7
10061500002203000000,SHEET BEND|МР-10
10061500322203000000,TALL KING|П-14|Лена
10061500332203000000,1L122-1|1Л122|Гармонь
10061500322203000000,STRAIGHT FLUSH|1С91|Куб
10061500322203000000,TALL SHIELD|48Я6-К1|К1
10061500322203000000,TALL SHIELD A|48Я6-К1|К1
10061500322203000000,BOW RACK|РЛМ-М|55Ж6УМЕ
10061500002203000000,FLASH DANCE|БРЛС-8Б|Заслон
10061500002203000000,LIRA-A10|Ліра-А10
10063000001211000000,MR-231|МР-231|Наяда
10063000001211000000,MR-231-2|МР-231-2|Лиман
10063000001211000000,SQUARE TIE|МР-331
10061500332203000000,DOG EAR|ППРУ-1
10061500002203000000,LONG TALK|РСП-10
10061500322203000000,NEBO-SVU|1Л13-3|Небо-СВ
10061500322203000000,MONOLIT-B|Моноліт-Б
10061500002203000000,BIG BAR|1Л117
10061500002203000000,1L117|1Л117
10063000001211000000,PEEL GROUP A|М-1|Волна
10061500322203000000,FIRE SHARK|64Л6|Гамма-С1
10061500002203000000,NO35 IRBIS|Н035|ІрбІс
10061500002203000000,NO11M BARS|Н011|Барс
10061500002203000000,NO11M BARS-R|Н011|Барс
10061500002203000000,ATCR-33S|ATCR-33S
10063000001211000000,CROSS DOME|МР-352|Позитив
10061500002203000000,SNOW FACE|РЛС керування повітряним рухом
10061500352203000000,HAY RICK|РСБН-42
10061500352203000000,BACK TRAP|64Ж6
10061500352203000000,HAY POLE|РСБН-42
10060100001101000000,DROP KICK|Су-24
10060100001101000000,SLAP SHOT|SLAP SHOT
10061500002203000000,LIFE RAT|LIFE RAT
10061500002203000000,SHARP EYE|SHARP EYE
10061500002203000000,TOAD STOOL 1|TOAD STOOL 1
10061500002203000000,COBRA|COBRA
10061500002203000000,G-BAND MET|G-BAND MET
10061500002203000000,BLITZ BOSS|BLITZ BOSS
10061500002203000000,LOBSTERBLOKE A|LOBSTERBLOKE A
10061500002203000000,PLANK SHAVE A|PLANK SHAVE A
10061500002203000000,PLANK SHAVE B|PLANK SHAVE B
10061500002203000000,PIN BAR|PIN BAR
10061500002203000000,ONE EYE|ONE EYE
10061500002203000000,PIN LIP|PIN LIP
10061500002203000000,FURUNO FAR-28X7|FURUNO FAR-28X7
10061500002203000000,FLAT BOWL|FLAT BOWL
10061500002203000000,CAESAR|CAESAR
10061500002203000000,DOG TAIL|DOG TAIL
10061500002203000000,SEA GIRAFFE 100|SEA GIRAFFE 100
10061000001206000300,Helicopter\s+(Regiment|Squadron|Brigade)