epoch,mse_mse_epoch,mse_mse_step,pred_norm_norm_epoch,pred_norm_norm_step,step,train_loss_epoch,train_loss_step,val_loss_epoch,val_loss_step
,,0.04690944030880928,,0.2655583322048187,0,,,,2.53672456741333
,,0.02497028186917305,,0.21991749107837677,1,,,,2.2575926780700684
,,0.09355021268129349,,0.3150467276573181,2,,,,1.358974575996399
,,0.07208554446697235,,0.31920668482780457,3,,,,2.0462613105773926
,,0.024376031011343002,,0.21664753556251526,4,,,,2.274921417236328
0,0.052378300577402115,,0.2672753632068634,,9,,,2.0948948860168457,
0,,,,,9,1.9599064588546753,,,
,,0.030056413263082504,,0.18956154584884644,5,,,,2.9087817668914795
,,0.00970251951366663,,0.13667607307434082,6,,,,2.13073468208313
,,0.07055157423019409,,0.23732633888721466,7,,,,2.8348472118377686
,,0.05115235969424248,,0.24262015521526337,8,,,,2.1962389945983887
,,0.00942911859601736,,0.1322682946920395,9,,,,1.186753273010254
1,0.03417839854955673,,0.18769048154354095,,19,,,2.2514710426330566,
1,,,,,19,2.1119513511657715,,,
,,0.03506318852305412,,0.22411052882671356,10,,,,1.195688009262085
,,0.014560652896761894,,0.16893494129180908,11,,,,2.002091884613037
,,0.06763975322246552,,0.2663578987121582,12,,,,2.523768186569214
,,0.05329076573252678,,0.26724475622177124,13,,,,2.3360066413879395
,,0.015018629841506481,,0.16905036568641663,14,,,,1.5625362396240234
2,0.03711460158228874,,0.2191397100687027,,29,,,1.9240182638168335,
2,,,,,29,2.186427116394043,,,
,,0.051279980689287186,,0.297736793756485,15,,,,1.5282678604125977
,,0.0311934445053339,,0.2479943484067917,16,,,,1.2545044422149658
,,0.07339462637901306,,0.32132571935653687,17,,,,1.7407264709472656
,,0.06677867472171783,,0.33051738142967224,18,,,,1.3779958486557007
,,0.03181379660964012,,0.24855561554431915,19,,,,1.0714375972747803
3,0.05089209973812103,,0.2892259657382965,,39,,,1.394586443901062,
3,,,,,39,1.8432409763336182,,,
4,,,,,49,,1.2193750143051147,,
,,0.09227550029754639,,0.42199450731277466,20,,,,1.8066465854644775
,,0.07560011744499207,,0.38728854060173035,21,,,,1.4419893026351929
,,0.09791716933250427,,0.4144527316093445,22,,,,1.4331756830215454
,,0.10529986768960953,,0.44664597511291504,23,,,,1.8335752487182617
,,0.07748564332723618,,0.39090609550476074,24,,,,1.3399007320404053
4,0.08971565961837769,,0.412257581949234,,49,,,1.5710575580596924,
4,,,,,49,1.833066463470459,,,
,,0.15231141448020935,,0.5490080714225769,25,,,,1.0638610124588013
,,0.13914139568805695,,0.5254443287849426,26,,,,1.766095757484436
,,0.1381710320711136,,0.5104078054428101,27,,,,1.793961763381958
,,0.16323360800743103,,0.5669648051261902,28,,,,0.717380166053772
,,0.1428789347410202,,0.5317257642745972,29,,,,1.3368749618530273
5,0.1471472680568695,,0.5367101430892944,,59,,,1.335634708404541,
5,,,,,59,1.6035593748092651,,,
,,0.20313160121440887,,0.6356491446495056,30,,,,1.449602484703064
,,0.19356109201908112,,0.6193933486938477,31,,,,1.1108840703964233
,,0.1712675392627716,,0.5740343332290649,32,,,,1.162318229675293
,,0.21388737857341766,,0.651964545249939,33,,,,1.3908756971359253
,,0.19887736439704895,,0.627799391746521,34,,,,1.4600447416305542
6,0.19614499807357788,,0.6217681765556335,,69,,,1.3147450685501099,
6,,,,,69,1.3843514919281006,,,
,,0.262649267911911,,0.723287045955658,35,,,,1.4246084690093994
,,0.25763386487960815,,0.71397465467453,36,,,,1.3413889408111572
,,0.2115660011768341,,0.6401604413986206,37,,,,1.145200490951538
,,0.2755458950996399,,0.7412403225898743,38,,,,1.1448789834976196
,,0.26453787088394165,,0.7242112755775452,39,,,,0.9409679174423218
7,0.2543865442276001,,0.7085747718811035,,79,,,1.199409008026123,
7,,,,,79,1.3131837844848633,,,
,,0.35424765944480896,,0.8404305577278137,40,,,,1.225987434387207
,,0.35427308082580566,,0.8374231457710266,41,,,,1.33348548412323
,,0.27777230739593506,,0.7348501682281494,42,,,,1.3961783647537231
,,0.366437166929245,,0.8553912043571472,43,,,,1.0671098232269287
,,0.36222752928733826,,0.8474493026733398,44,,,,0.9518197178840637
8,0.34299156069755554,,0.8231088519096375,,89,,,1.1949162483215332,
8,,,,,89,1.2618752717971802,,,
9,,,,,99,,0.8604992032051086,,
,,0.47497987747192383,,0.9734870791435242,45,,,,0.9671041369438171
,,0.4815371036529541,,0.9770563244819641,46,,,,0.6939264535903931
,,0.3664575517177582,,0.8444606065750122,47,,,,0.9082628488540649
,,0.48113399744033813,,0.9799766540527344,48,,,,0.9401134252548218
,,0.4888988435268402,,0.9844995737075806,49,,,,1.05057954788208
9,0.4586015045642853,,0.951896071434021,,99,,,0.9119973182678223,
9,,,,,99,1.1294245719909668,,,
,,0.6075029969215393,,1.100897192955017,50,,,,0.7645499110221863
,,0.6189846992492676,,1.108169674873352,51,,,,1.2010469436645508
,,0.4654258191585541,,0.9513098001480103,52,,,,0.8009456396102905
,,0.6092230677604675,,1.1024090051651,53,,,,0.8203097581863403
,,0.6278535723686218,,1.115628957748413,54,,,,1.2043602466583252
10,0.5857980847358704,,1.0756828784942627,,109,,,0.9582424759864807,
10,,,,,109,1.0506097078323364,,,
,,0.7808763384819031,,1.2475968599319458,55,,,,1.6743965148925781
,,0.8020815849304199,,1.2613937854766846,56,,,,1.0628483295440674
,,0.5939592123031616,,1.073460340499878,57,,,,1.368931531906128
,,0.7747015357017517,,1.2423865795135498,58,,,,0.67014080286026
,,0.8171787261962891,,1.2726901769638062,59,,,,0.5058019757270813
11,0.7537594437599182,,1.2195055484771729,,119,,,1.0564237833023071,
11,,,,,119,0.9580078125,,,
,,0.9401095509529114,,1.3689213991165161,60,,,,0.8550056219100952
,,0.9656029939651489,,1.3840296268463135,61,,,,0.9210433959960938
,,0.716361403465271,,1.1790850162506104,62,,,,0.9817231297492981
,,0.9310682415962219,,1.361914873123169,63,,,,0.5627042055130005
,,0.9813103675842285,,1.3945714235305786,64,,,,0.8210927844047546
12,0.9068905115127563,,1.3377044200897217,,129,,,0.8283137679100037,
12,,,,,129,0.845228374004364,,,
,,1.1029770374298096,,1.482622742652893,65,,,,0.7863295674324036
,,1.1335539817810059,,1.4989526271820068,66,,,,0.7663650512695312
,,0.8386341333389282,,1.2759559154510498,67,,,,0.9028568267822266
,,1.0977922677993774,,1.4790529012680054,68,,,,0.5296147465705872
,,1.1521284580230713,,1.510972023010254,69,,,,0.8588588833808899
13,1.0650172233581543,,1.4495112895965576,,139,,,0.7688050270080566,
13,,,,,139,0.797206699848175,,,
14,,,,,149,,0.892538845539093,,
,,1.2391259670257568,,1.571617603302002,70,,,,1.2564336061477661
,,1.2667677402496338,,1.5842554569244385,71,,,,0.6663185358047485
,,0.9428418874740601,,1.3532636165618896,72,,,,0.7114881277084351
,,1.240502953529358,,1.5727065801620483,73,,,,0.34630608558654785
,,1.2864632606506348,,1.5963902473449707,74,,,,0.4491492211818695
14,1.1951403617858887,,1.5356467962265015,,149,,,0.6859390735626221,
14,,,,,149,0.7344224452972412,,,
,,1.4206758737564087,,1.6827528476715088,75,,,,0.6419156789779663
,,1.4556190967559814,,1.6981137990951538,76,,,,0.732841968536377
,,1.0772840976715088,,1.446357011795044,77,,,,0.6315337419509888
,,1.4187569618225098,,1.6817114353179932,78,,,,0.596859872341156
,,1.476690411567688,,1.7102025747299194,79,,,,0.6080211400985718
15,1.3698053359985352,,1.6438275575637817,,159,,,0.6422345042228699,
15,,,,,159,0.7010633945465088,,,
,,1.6519298553466797,,1.8142480850219727,80,,,,0.5757824182510376
,,1.7021011114120483,,1.836142897605896,81,,,,0.30007269978523254
,,1.2459502220153809,,1.554851770401001,82,,,,0.36925873160362244
,,1.6394916772842407,,1.807096242904663,83,,,,0.9154151082038879
,,1.724988579750061,,1.8482481241226196,84,,,,0.47281891107559204
16,1.5928922891616821,,1.7721174955368042,,169,,,0.5266695618629456,
16,,,,,169,0.5373972058296204,,,
,,1.8713171482086182,,1.9306859970092773,85,,,,0.8594897985458374
,,1.9327011108398438,,1.9560210704803467,86,,,,0.6558853983879089
,,1.4073216915130615,,1.6523529291152954,87,,,,0.5623129606246948
,,1.8581405878067017,,1.9236762523651123,88,,,,0.4288034439086914
,,1.9584134817123413,,1.9691779613494873,89,,,,0.3183835446834564
17,1.8055789470672607,,1.8863829374313354,,179,,,0.5649750232696533,
17,,,,,179,0.5343764424324036,,,
,,2.117293357849121,,2.0532219409942627,90,,,,0.5763278007507324
,,2.1955409049987793,,2.0842747688293457,91,,,,0.5432161092758179
,,1.5895302295684814,,1.756007432937622,92,,,,0.4032211899757385
,,2.1002049446105957,,2.0446808338165283,93,,,,0.42785459756851196
,,2.223893642425537,,2.098336935043335,94,,,,0.7164683938026428
18,2.045292615890503,,2.0073044300079346,,189,,,0.5334176421165466,
18,,,,,189,0.45339545607566833,,,
19,,,,,199,,0.4414401054382324,,
,,2.354936361312866,,2.165299654006958,95,,,,0.447157084941864
,,2.4400837421417236,,2.197005271911621,96,,,,0.34074506163597107
,,1.7693634033203125,,1.852748155593872,97,,,,0.3016955852508545
,,2.33758282661438,,2.157149314880371,98,,,,0.5482330322265625
,,2.4722959995269775,,2.2122979164123535,99,,,,0.39065662026405334
19,2.2748525142669678,,2.1168999671936035,,199,,,0.40569746494293213,
19,,,,,199,0.4202416241168976,,,
,,2.556079387664795,,2.255990505218506,100,,,,0.5827933549880981
,,2.6407108306884766,,2.2852606773376465,101,,,,0.3479185700416565
,,1.924403190612793,,1.9325793981552124,102,,,,0.4256649613380432
,,2.543344497680664,,2.2505147457122803,103,,,,0.32958775758743286
,,2.6762495040893555,,2.3015685081481934,104,,,,0.46608391404151917
20,2.4681577682495117,,2.2051830291748047,,209,,,0.430409699678421,
20,,,,,209,0.3869584798812866,,,
,,2.80702543258667,,2.3643240928649902,105,,,,0.1713791787624359
,,2.8955671787261963,,2.3930482864379883,106,,,,0.24737830460071564
,,2.119608163833618,,2.028502941131592,107,,,,0.3239234387874603
,,2.7956318855285645,,2.35964298248291,108,,,,0.29524627327919006
,,2.9330661296844482,,2.409437656402588,109,,,,0.17742598056793213
21,2.7101798057556152,,2.310991048812866,,219,,,0.24307064712047577,
21,,,,,219,0.3784359097480774,,,
,,3.0547072887420654,,2.466512441635132,110,,,,0.3274827003479004
,,3.145538091659546,,2.494006395339966,111,,,,0.2711687386035919
,,2.3125357627868652,,2.119267702102661,112,,,,0.3612739145755768
,,3.048135280609131,,2.4641048908233643,113,,,,0.30195432901382446
,,3.1850268840789795,,2.510761260986328,114,,,,0.2742803692817688
22,2.9491889476776123,,2.410930633544922,,229,,,0.30723199248313904,
22,,,,,229,0.272225946187973,,,
,,3.290494203567505,,2.560030460357666,115,,,,0.2719796299934387
,,3.379333019256592,,2.5847465991973877,116,,,,0.20059914886951447
,,2.4976253509521484,,2.2026658058166504,117,,,,0.23162110149860382
,,3.2923457622528076,,2.5611395835876465,118,,,,0.22132989764213562
,,3.4194016456604004,,2.6013705730438232,119,,,,0.10424257814884186
23,3.175840139389038,,2.501990556716919,,239,,,0.20595447719097137,
23,,,,,239,0.2886178493499756,,,
24,,,,,249,,0.10570146888494492,,
,,3.5751209259033203,,2.668665647506714,120,,,,0.25343057513237
,,3.6700072288513184,,2.6939549446105957,121,,,,0.24207787215709686
,,2.7165791988372803,,2.2975611686706543,122,,,,0.2340351790189743
,,3.5708823204040527,,2.667149543762207,123,,,,0.2706546187400818
,,3.70915150642395,,2.7093348503112793,124,,,,0.1384398490190506
24,3.4483482837677,,2.6073334217071533,,249,,,0.22772763669490814,
24,,,,,249,0.21310357749462128,,,
,,3.9341063499450684,,2.7992711067199707,125,,,,0.2151617705821991
,,4.053164482116699,,2.8312041759490967,126,,,,0.16817554831504822
,,2.9896368980407715,,2.4106602668762207,127,,,,0.16719231009483337
,,3.914991855621338,,2.792140483856201,128,,,,0.14560449123382568
,,4.095376014709473,,2.847046375274658,129,,,,0.0974370613694191
25,3.7974555492401123,,2.7360644340515137,,259,,,0.15871424973011017,
25,,,,,259,0.2175643891096115,,,
,,4.263979434967041,,2.9139325618743896,130,,,,0.25050878524780273
,,4.40126895904541,,2.9499387741088867,131,,,,0.316371351480484
,,3.243342638015747,,2.5109944343566895,132,,,,0.14934960007667542
,,4.245889186859131,,2.9075074195861816,133,,,,0.10591506958007812
,,4.446872711181641,,2.9666593074798584,134,,,,0.2100050151348114
26,4.120270252227783,,2.849806547164917,,269,,,0.20642995834350586,
26,,,,,269,0.1544528752565384,,,
,,4.5111470222473145,,2.9971232414245605,135,,,,0.07937009632587433
,,4.647326946258545,,3.030947208404541,136,,,,0.10291767120361328
,,3.4406161308288574,,2.586092233657837,137,,,,0.13226789236068726
,,4.50509786605835,,2.9951279163360596,138,,,,0.08556540310382843
,,4.700216770172119,,3.049846649169922,139,,,,0.153376504778862
27,4.3608808517456055,,2.9318273067474365,,279,,,0.11069950461387634,
27,,,,,279,0.13354022800922394,,,
,,4.795013904571533,,3.089831590652466,140,,,,0.0975579246878624
,,4.941092491149902,,3.1253275871276855,141,,,,0.12716467678546906
,,3.6559500694274902,,2.6658318042755127,142,,,,0.24025490880012512
,,4.78090763092041,,3.0852699279785156,143,,,,0.11490235477685928
,,5.0022382736206055,,3.146301031112671,144,,,,0.06388739496469498
28,4.635040760040283,,3.022512197494507,,289,,,0.1287534534931183,
28,,,,,289,0.11746562272310257,,,
29,,,,,299,,0.13284169137477875,,
,,4.994019508361816,,3.153031826019287,145,,,,0.10366430133581161
,,5.133864402770996,,3.184875965118408,146,,,,0.1423839032649994
,,3.8160080909729004,,2.723205089569092,147,,,,0.15924465656280518
,,5.0021772384643555,,3.1562395095825195,148,,,,0.11572375148534775
,,5.20296049118042,,3.2086334228515625,149,,,,0.17005854845046997
29,4.829805850982666,,3.0851972103118896,,299,,,0.13821503520011902,
29,,,,,299,0.11980841308832169,,,
,,5.255341529846191,,3.2344398498535156,150,,,,0.14291472733020782
,,5.397594451904297,,3.2656211853027344,151,,,,0.0942211002111435
,,4.022087574005127,,2.7958953380584717,152,,,,0.144485205411911
,,5.265981674194336,,3.2383663654327393,153,,,,0.10978908836841583
,,5.472418785095215,,3.290715456008911,154,,,,0.03789280727505684
30,5.0826849937438965,,3.1650075912475586,,309,,,0.10586059838533401,
30,,,,,309,0.07996980845928192,,,
,,5.498089790344238,,3.308213472366333,155,,,,0.08010803908109665
,,5.642283916473389,,3.3386447429656982,156,,,,0.06643079221248627
,,4.2157182693481445,,2.862450361251831,157,,,,0.08905425667762756
,,5.514034271240234,,3.313796281814575,158,,,,0.07960528880357742
,,5.721566200256348,,3.3648147583007812,159,,,,0.07056860625743866
31,5.318338394165039,,3.237583875656128,,319,,,0.07715339958667755,
31,,,,,319,0.07704231888055801,,,
,,5.773220062255859,,3.389995574951172,160,,,,0.10963888466358185
,,5.916153907775879,,3.4187560081481934,161,,,,0.03874010965228081
,,4.439879417419434,,2.937492847442627,162,,,,0.07620669901371002
,,5.795125961303711,,3.397207260131836,163,,,,0.08934351801872253
,,6.000786781311035,,3.445941925048828,164,,,,0.06926926225423813
32,5.585033416748047,,3.3178789615631104,,329,,,0.07663968950510025,
32,,,,,329,0.09537547826766968,,,
,,6.049324035644531,,3.470029354095459,165,,,,0.06444162875413895
,,6.189403533935547,,3.496630907058716,166,,,,0.01986110210418701
,,4.6682586669921875,,3.011742353439331,167,,,,0.06809137016534805
,,6.08547306060791,,3.4813034534454346,168,,,,0.09449204057455063
,,6.280143737792969,,3.5251777172088623,169,,,,0.032675404101610184
33,5.854520320892334,,3.396976947784424,,339,,,0.055912312120199203,
33,,,,,339,0.06998196989297867,,,
34,,,,,349,,0.08857524394989014,,
,,6.262779235839844,,3.5307250022888184,170,,,,0.08409812301397324
,,6.40299129486084,,3.5564568042755127,171,,,,0.027150481939315796
,,4.842135429382324,,3.067227840423584,172,,,,0.06477183103561401
,,6.3033905029296875,,3.543065309524536,173,,,,0.07879187911748886
,,6.496838569641113,,3.5854594707489014,174,,,,0.0443941093981266
34,6.061627388000488,,3.4565868377685547,,349,,,0.05984129011631012,
34,,,,,349,0.05409751832485199,,,
,,6.4436469078063965,,3.5812995433807373,175,,,,0.07152937352657318
,,6.5834059715271,,3.6061463356018066,176,,,,0.0233854278922081
,,4.990259170532227,,3.113629102706909,177,,,,0.06075432896614075
,,6.489459037780762,,3.5949625968933105,178,,,,0.07337504625320435
,,6.68184757232666,,3.6361193656921387,179,,,,0.06554661691188812
35,6.2377238273620605,,3.5064313411712646,,359,,,0.05891816318035126,
35,,,,,359,0.042029790580272675,,,
,,6.637823581695557,,3.635056257247925,180,,,,0.03353744000196457
,,6.779278755187988,,3.6598098278045654,181,,,,0.010558037087321281
,,5.151200294494629,,3.163747787475586,182,,,,0.08758528530597687
,,6.680131435394287,,3.6473395824432373,183,,,,0.08006685972213745
,,6.878018379211426,,3.689218521118164,184,,,,0.016736922785639763
36,6.425290584564209,,3.5590343475341797,,369,,,0.04569690674543381,
36,,,,,369,0.04187532514333725,,,
,,6.841958522796631,,3.69038462638855,185,,,,0.0380091592669487
,,6.994895935058594,,3.7175087928771973,186,,,,0.027232253924012184
,,5.3103837966918945,,3.212397336959839,187,,,,0.0652545690536499
,,6.87841272354126,,3.70094633102417,188,,,,0.06237131357192993
,,7.100103855133057,,3.7483229637145996,189,,,,0.030576717108488083
37,6.625150680541992,,3.6139121055603027,,379,,,0.04468880221247673,
37,,,,,379,0.0363917201757431,,,
,,7.013266563415527,,3.736240863800049,190,,,,0.15392336249351501
,,7.170114040374756,,3.763784885406494,191,,,,0.015025380067527294
,,5.44721794128418,,3.2534852027893066,192,,,,0.0678771361708641
,,7.049989223480225,,3.7467410564422607,193,,,,0.07300570607185364
,,7.279080390930176,,3.7952568531036377,194,,,,0.02561119757592678
38,6.791933536529541,,3.6591014862060547,,389,,,0.06708855926990509,
38,,,,,389,0.0425654873251915,,,
39,,,,,399,,0.018369797617197037,,
,,7.1382036209106445,,3.7691397666931152,195,,,,0.040790803730487823
,,7.297738552093506,,3.7967865467071533,196,,,,0.013432508334517479
,,5.545881748199463,,3.2823691368103027,197,,,,0.05972807854413986
,,7.182914733886719,,3.7818825244903564,198,,,,0.08203922212123871
,,7.410609245300293,,3.8292877674102783,199,,,,0.014753306284546852
39,6.915069580078125,,3.6918933391571045,,399,,,0.042148783802986145,
39,,,,,399,0.035019129514694214,,,
,,7.252725124359131,,3.7990736961364746,200,,,,0.04595553129911423
,,7.415352821350098,,3.827038526535034,201,,,,0.01689726486802101
,,5.638337135314941,,3.309394359588623,202,,,,0.07070306688547134
,,7.301687717437744,,3.812988758087158,203,,,,0.09829037636518478
,,7.531552314758301,,3.860342025756836,204,,,,0.02578890696167946
40,7.027930736541748,,3.7217676639556885,,409,,,0.051527027040719986,
40,,,,,409,0.035496387630701065,,,
,,7.353144645690918,,3.825162172317505,205,,,,0.04347148537635803
,,7.518673896789551,,3.853501796722412,206,,,,0.025772536173462868
,,5.717442512512207,,3.332390308380127,207,,,,0.07752390205860138
,,7.403043270111084,,3.8392882347106934,208,,,,0.07413296401500702
,,7.638739109039307,,3.8876984119415283,209,,,,0.021336432546377182
41,7.126208305358887,,3.747607946395874,,419,,,0.048447467386722565,
41,,,,,419,0.03378969058394432,,,
,,7.521153926849365,,3.8684630393981934,210,,,,0.03574049472808838
,,7.7100396156311035,,3.902219772338867,211,,,,0.021656688302755356
,,5.83447790145874,,3.366887331008911,212,,,,0.05553474277257919
,,7.5524187088012695,,3.8776450157165527,213,,,,0.07346998900175095
,,7.835279941558838,,3.9373793601989746,214,,,,0.011704135686159134
42,7.290673732757568,,3.7905189990997314,,429,,,0.03962121158838272,
42,,,,,429,0.029593056067824364,,,
,,7.552848815917969,,3.876443862915039,215,,,,0.06481625884771347
,,7.7382097244262695,,3.909026622772217,216,,,,0.01716063730418682
,,5.865631103515625,,3.375378131866455,217,,,,0.08837558329105377
,,7.595644950866699,,3.888767957687378,218,,,,0.08090394735336304
,,7.8651251792907715,,3.94477915763855,219,,,,0.012622890993952751
43,7.323492050170898,,3.798879384994507,,439,,,0.05277585983276367,
43,,,,,439,0.030011557042598724,,,
44,,,,,449,,0.008035331033170223,,
,,7.577860355377197,,3.8826394081115723,220,,,,0.04729809612035751
,,7.763598442077637,,3.9150874614715576,221,,,,0.03606224060058594
,,5.886325359344482,,3.380868434906006,222,,,,0.07306531816720963
,,7.628731727600098,,3.897223949432373,223,,,,0.07037518173456192
,,7.892805576324463,,3.95161509513855,224,,,,0.02366635389626026
44,7.349864482879639,,3.8054871559143066,,449,,,0.05009343475103378,
44,,,,,449,0.02481994219124317,,,
,,7.703356742858887,,3.9144530296325684,225,,,,0.042685046792030334
,,7.901413917541504,,3.949516773223877,226,,,,0.019380467012524605
,,5.981060981750488,,3.4081108570098877,227,,,,0.08228499442338943
,,7.7502641677856445,,3.9280567169189453,228,,,,0.06806975603103638
,,8.034719467163086,,3.9869399070739746,229,,,,0.012155240401625633
45,7.474163055419922,,3.8374154567718506,,459,,,0.044915102422237396,
45,,,,,459,0.03398098051548004,,,
,,7.732102394104004,,3.921736478805542,230,,,,0.03705069050192833
,,7.921031951904297,,3.9543049335479736,231,,,,0.011851808056235313
,,6.0156755447387695,,3.417527675628662,232,,,,0.05688967555761337
,,7.791394233703613,,3.9384913444519043,233,,,,0.07936476171016693
,,8.053982734680176,,3.9916787147521973,234,,,,0.03341911733150482
46,7.502837657928467,,3.844748020172119,,469,,,0.043715208768844604,
46,,,,,469,0.032866381108760834,,,
,,7.840146541595459,,3.9490504264831543,235,,,,0.05327337235212326
,,8.035600662231445,,3.9829463958740234,236,,,,0.0193428136408329
,,6.10373592376709,,3.4427490234375,237,,,,0.07315482199192047
,,7.893179416656494,,3.964012861251831,238,,,,0.08907562494277954
,,8.170082092285156,,4.020383358001709,239,,,,0.015538494102656841
47,7.608548641204834,,3.871828556060791,,479,,,0.05007702857255936,
47,,,,,479,0.032172445207834244,,,
,,7.9084625244140625,,3.9662578105926514,240,,,,0.08076026290655136
,,8.079527854919434,,3.9939377307891846,241,,,,0.01879020780324936
,,6.188371658325195,,3.4657955169677734,242,,,,0.07098390907049179
,,7.982570648193359,,3.9862639904022217,243,,,,0.07502654939889908
,,8.211942672729492,,4.030594825744629,244,,,,0.012531730346381664
48,7.674174785614014,,3.8885698318481445,,489,,,0.051618531346321106,
48,,,,,489,0.03446657583117485,,,
49,,,,,499,,0.06968498229980469,,
,,7.9631805419921875,,3.979870557785034,245,,,,0.040195532143116
,,8.141736030578613,,4.009137153625488,246,,,,0.012355787679553032
,,6.22867488861084,,3.4771106243133545,247,,,,0.0754518210887909
,,8.035470962524414,,3.999443531036377,248,,,,0.07139755040407181
,,8.275392532348633,,4.046140670776367,249,,,,0.009310645051300526
49,7.728890419006348,,3.9023404121398926,,499,,,0.041742268949747086,
49,,,,,499,0.024970781058073044,,,
,,8.116961479187012,,4.017953395843506,250,,,,0.0524328276515007
,,8.324003219604492,,4.053721904754639,251,,,,0.03134327754378319
,,6.329573631286621,,3.505876064300537,252,,,,0.07149679958820343
,,8.169271469116211,,4.032542705535889,253,,,,0.09078340232372284
,,8.464160919189453,,4.092031478881836,254,,,,0.014309518039226532
50,7.880794048309326,,3.940425157546997,,509,,,0.052073169499635696,
50,,,,,509,0.026756465435028076,,,
,,8.14655590057373,,4.024983882904053,255,,,,0.03324105963110924
,,8.362226486206055,,4.062684059143066,256,,,,0.016606248915195465
,,6.344770908355713,,3.5098400115966797,257,,,,0.07010117173194885
,,8.199934005737305,,4.04007625579834,258,,,,0.07876913249492645
,,8.505768775939941,,4.101974010467529,259,,,,0.030635882169008255
51,7.911851406097412,,3.9479119777679443,,519,,,0.04587069898843765,
51,,,,,519,0.027657687664031982,,,
,,8.132281303405762,,4.021467685699463,260,,,,0.041737936437129974
,,8.344927787780762,,4.05845308303833,261,,,,0.012876197695732117
,,6.334914207458496,,3.506911039352417,262,,,,0.07404418289661407
,,8.188417434692383,,4.037213325500488,263,,,,0.08544734865427017
,,8.487918853759766,,4.097628593444824,264,,,,0.011618291959166527
52,7.8976922035217285,,3.9443347454071045,,529,,,0.045144785195589066,
52,,,,,529,0.022919179871678352,,,
,,8.134527206420898,,4.021841526031494,265,,,,0.046389058232307434
,,8.350245475769043,,4.059499263763428,266,,,,0.013582426123321056
,,6.335647106170654,,3.5068931579589844,267,,,,0.0663386881351471
,,8.194042205810547,,4.038602828979492,268,,,,0.07358279079198837
,,8.495260238647461,,4.099347114562988,269,,,,0.007015488110482693
53,7.901944637298584,,3.945236921310425,,539,,,0.04138169437646866,
53,,,,,539,0.025117721408605576,,,
54,,,,,549,,0.03819407522678375,,
,,8.171327590942383,,4.030815124511719,270,,,,0.05352916568517685
,,8.398404121398926,,4.0710673332214355,271,,,,0.012123344466090202
,,6.356722831726074,,3.512874126434326,272,,,,0.06386448442935944
,,8.224540710449219,,4.046079635620117,273,,,,0.07296551764011383
,,8.545446395874023,,4.1114277839660645,274,,,,0.04938117414712906
54,7.939288139343262,,3.9544527530670166,,549,,,0.050372734665870667,
54,,,,,549,0.029844246804714203,,,
,,8.23981761932373,,4.0476393699646,275,,,,0.043080344796180725
,,8.479872703552246,,4.090790271759033,276,,,,0.016361374408006668
,,6.403810024261475,,3.526210308074951,277,,,,0.06068108603358269
,,8.283326148986816,,4.060445308685303,278,,,,0.07425122708082199
,,8.628495216369629,,4.1313862800598145,279,,,,0.01310189813375473
55,8.007063865661621,,3.9712941646575928,,559,,,0.0414951853454113,
55,,,,,559,0.03105953522026539,,,
,,8.224679946899414,,4.0438923835754395,280,,,,0.05968323349952698
,,8.456467628479004,,4.085008144378662,281,,,,0.010632486082613468
,,6.399536609649658,,3.524604082107544,282,,,,0.07142855226993561
,,8.279070854187012,,4.059470176696777,283,,,,0.07357984036207199
,,8.604711532592773,,4.125624179840088,284,,,,0.011827943846583366
56,7.992893218994141,,3.967719793319702,,569,,,0.04543041065335274,
56,,,,,569,0.026381898671388626,,,
,,8.264684677124023,,4.053595066070557,285,,,,0.05458484962582588
,,8.509943008422852,,4.09781551361084,286,,,,0.02116008661687374
,,6.420076847076416,,3.5304877758026123,287,,,,0.05631440877914429
,,8.309762954711914,,4.0668745040893555,288,,,,0.06867241859436035
,,8.659974098205566,,4.138838768005371,289,,,,0.023192482069134712
57,8.032888412475586,,3.977522611618042,,579,,,0.044784847646951675,
57,,,,,579,0.027858251705765724,,,
,,8.287742614746094,,4.058928489685059,290,,,,0.05697591230273247
,,8.545758247375488,,4.106059551239014,291,,,,0.029512744396924973
,,6.427918434143066,,3.532522201538086,292,,,,0.06089489907026291
,,8.330167770385742,,4.071754455566406,293,,,,0.07591603696346283
,,8.698878288269043,,4.1480393409729,294,,,,0.010110164061188698
58,8.058093070983887,,3.9834609031677246,,589,,,0.046681951731443405,
58,,,,,589,0.027158761397004128,,,
59,,,,,599,,0.04562150314450264,,
,,8.323700904846191,,4.067563533782959,295,,,,0.035824645310640335
,,8.586488723754883,,4.115609645843506,296,,,,0.010131286457180977
,,6.452845573425293,,3.53922963142395,297,,,,0.07249684631824493
,,8.36646556854248,,4.080554008483887,298,,,,0.08132521063089371
,,8.742253303527832,,4.158304691314697,299,,,,0.016190361231565475
59,8.094350814819336,,3.9922521114349365,,599,,,0.043193668127059937,
59,,,,,599,0.030395712703466415,,,
,,8.421236038208008,,4.0909647941589355,300,,,,0.045613374561071396
,,8.703543663024902,,4.143255233764648,301,,,,0.018922138959169388
,,6.515042304992676,,3.5563411712646484,302,,,,0.0733979120850563
,,8.454496383666992,,4.101725101470947,303,,,,0.05757974460721016
,,8.864562034606934,,4.187228202819824,304,,,,0.01332938950508833
60,8.191776275634766,,4.015902519226074,,609,,,0.04176851361989975,
60,,,,,609,0.030341291800141335,,,
,,8.448758125305176,,4.097518444061279,305,,,,0.0509638786315918
,,8.735944747924805,,4.150831699371338,306,,,,0.011207560077309608
,,6.535586357116699,,3.5618839263916016,307,,,,0.0699545294046402
,,8.48118782043457,,4.108120918273926,308,,,,0.08991164714097977
,,8.89867115020752,,4.195242881774902,309,,,,0.02135034091770649
61,8.2200288772583,,4.022719860076904,,619,,,0.048677586019039154,
61,,,,,619,0.02703278698027134,,,
,,8.458917617797852,,4.099969863891602,310,,,,0.045802902430295944
,,8.747416496276855,,4.1534881591796875,311,,,,0.0212592501193285
,,6.5424323081970215,,3.563594102859497,312,,,,0.07901658117771149
,,8.491575241088867,,4.1105732917785645,313,,,,0.07620779424905777
,,8.909927368164062,,4.1978440284729,314,,,,0.010321498848497868
62,8.230053901672363,,4.0250935554504395,,629,,,0.04652160033583641,
62,,,,,629,0.026229137554764748,,,
,,8.509393692016602,,4.112227439880371,315,,,,0.04222899675369263
,,8.798423767089844,,4.165654182434082,316,,,,0.01102845836430788
,,6.583531379699707,,3.574786424636841,317,,,,0.06923884153366089
,,8.541142463684082,,4.122491359710693,318,,,,0.07145211845636368
,,8.961420059204102,,4.209959506988525,319,,,,0.01234843023121357
63,8.27878189086914,,4.037023544311523,,639,,,0.04125937074422836,
63,,,,,639,0.02844863571226597,,,
64,,,,,649,,0.010506926104426384,,
,,8.578058242797852,,4.128474235534668,320,,,,0.048353467136621475
,,8.87785530090332,,4.184157371520996,321,,,,0.01192498579621315
,,6.631425380706787,,3.5876641273498535,322,,,,0.07639296352863312
,,8.607843399047852,,4.138432502746582,323,,,,0.06655740737915039
,,9.045049667358398,,4.229506015777588,324,,,,0.00938777532428503
64,8.34804630279541,,4.053647041320801,,649,,,0.04252331703901291,
64,,,,,649,0.028616609051823616,,,
,,8.631038665771484,,4.141179084777832,325,,,,0.04000426083803177
,,8.93144416809082,,4.196784973144531,326,,,,0.010174386203289032
,,6.678114414215088,,3.600255250930786,327,,,,0.06634847074747086
,,8.661358833312988,,4.151248931884766,328,,,,0.07800071686506271
,,9.099940299987793,,4.2423200607299805,329,,,,0.019399460405111313
65,8.400378227233887,,4.066357612609863,,659,,,0.04278545826673508,
65,,,,,659,0.027652280405163765,,,
,,8.606242179870605,,4.135451793670654,330,,,,0.06407950073480606
,,8.89409065246582,,4.188128471374512,331,,,,0.016318628564476967
,,6.6704206466674805,,3.5979862213134766,332,,,,0.0624450221657753
,,8.64387035369873,,4.1471757888793945,333,,,,0.06723755598068237
,,9.060037612915039,,4.233008861541748,334,,,,0.006354304496198893
66,8.374932289123535,,4.06035041809082,,669,,,0.0432870052754879,
66,,,,,669,0.022366411983966827,,,
,,8.692827224731445,,4.156045913696289,335,,,,0.04399598017334938
,,9.001897811889648,,4.213496685028076,336,,,,0.01102539710700512
,,6.7253289222717285,,3.613191604614258,337,,,,0.06624945998191833
,,8.713308334350586,,4.16353702545166,338,,,,0.07120911031961441
,,9.170098304748535,,4.2586774826049805,339,,,,0.010779274627566338
67,8.460692405700684,,4.080989837646484,,679,,,0.040651846677064896,
67,,,,,679,0.026875723153352737,,,
,,8.707942962646484,,4.1595869064331055,340,,,,0.03997538238763809
,,9.019755363464355,,4.217555046081543,341,,,,0.01485750824213028
,,6.738702297210693,,3.616682767868042,342,,,,0.0669473260641098
,,8.72999382019043,,4.167525291442871,343,,,,0.06705842167139053
,,9.188705444335938,,4.262956619262695,344,,,,0.016867922618985176
68,8.477019309997559,,4.0848612785339355,,689,,,0.04114130884408951,
68,,,,,689,0.02488303929567337,,,
69,,,,,699,,0.011998695321381092,,
,,8.695850372314453,,4.156654357910156,345,,,,0.06375565379858017
,,9.008726119995117,,4.214820861816406,346,,,,0.011916780844330788
,,6.730594635009766,,3.6143088340759277,347,,,,0.06725911051034927
,,8.720992088317871,,4.1654181480407715,348,,,,0.06990569829940796
,,9.177238464355469,,4.260230541229248,349,,,,0.011025478132069111
69,8.466680526733398,,4.082286834716797,,699,,,0.044772543013095856,
69,,,,,699,0.02816910669207573,,,
,,8.720311164855957,,4.162405014038086,350,,,,0.048028040677309036
,,9.034652709960938,,4.220726013183594,351,,,,0.00909370556473732
,,6.752172946929932,,3.6199450492858887,352,,,,0.0695950984954834
,,8.749214172363281,,4.172184467315674,353,,,,0.08606259524822235
,,9.204280853271484,,4.266454219818115,354,,,,0.011031288653612137
70,8.49212646484375,,4.088342666625977,,709,,,0.04476214945316315,
70,,,,,709,0.026886137202382088,,,
,,8.770868301391602,,4.174570083618164,355,,,,0.047245390713214874
,,9.090707778930664,,4.234013557434082,356,,,,0.012409248389303684
,,6.789437770843506,,3.630187511444092,357,,,,0.06283436715602875
,,8.792398452758789,,4.182356834411621,358,,,,0.07007696479558945
,,9.259714126586914,,4.279318809509277,359,,,,0.010355017147958279
71,8.540624618530273,,4.100089073181152,,719,,,0.04058419540524483,
71,,,,,719,0.025090951472520828,,,
,,8.777894973754883,,4.176109790802002,360,,,,0.035331662744283676
,,9.094416618347168,,4.234653472900391,361,,,,0.016658129170536995
,,6.801826477050781,,3.6331984996795654,362,,,,0.06633251160383224
,,8.80897331237793,,4.186417579650879,363,,,,0.07574478536844254
,,9.264966011047363,,4.280479907989502,364,,,,0.009753940626978874
72,8.549615859985352,,4.102171897888184,,729,,,0.04076420143246651,
72,,,,,729,0.028635945171117783,,,
,,8.850001335144043,,4.193264007568359,365,,,,0.039578523486852646
,,9.173094749450684,,4.253087043762207,366,,,,0.01438227854669094
,,6.855266571044922,,3.647658109664917,367,,,,0.06371457874774933
,,8.874922752380371,,4.201944828033447,368,,,,0.06773997843265533
,,9.344091415405273,,4.298742771148682,369,,,,0.01090393029153347
73,8.619475364685059,,4.118939399719238,,739,,,0.039263855665922165,
73,,,,,739,0.022094152867794037,,,
74,,,,,749,,0.0669897198677063,,
,,8.862567901611328,,4.196323871612549,370,,,,0.04260912910103798
,,9.172924995422363,,4.2530012130737305,371,,,,0.013240590691566467
,,6.8766188621521,,3.6529572010040283,372,,,,0.07478784024715424
,,8.8999605178833,,4.208047389984131,373,,,,0.065955750644207
,,9.343873977661133,,4.298640727996826,374,,,,0.02048361301422119
74,8.631189346313477,,4.1217942237854,,749,,,0.043415382504463196,
74,,,,,749,0.023265767842531204,,,
,,8.930551528930664,,4.2122802734375,375,,,,0.04108823090791702
,,9.252494812011719,,4.27142333984375,376,,,,0.03180856257677078
,,6.925079345703125,,3.666077136993408,377,,,,0.07358566671609879
,,8.959410667419434,,4.221902370452881,378,,,,0.0788964033126831
,,9.424919128417969,,4.31726598739624,379,,,,0.008936140686273575
75,8.698491096496582,,4.137789726257324,,759,,,0.046862997114658356,
75,,,,,759,0.024002278223633766,,,
,,8.958730697631836,,4.219032287597656,380,,,,0.044453881680965424
,,9.28276538848877,,4.278613090515137,381,,,,0.015618440695106983
,,6.94711446762085,,3.6721138954162598,382,,,,0.0648663192987442
,,8.981261253356934,,4.226954460144043,383,,,,0.06157124787569046
,,9.454285621643066,,4.324028491973877,384,,,,0.01193228829652071
76,8.724831581115723,,4.144148349761963,,769,,,0.039688438177108765,
76,,,,,769,0.024150777608156204,,,
,,9.075417518615723,,4.246184825897217,385,,,,0.044143807142972946
,,9.410200119018555,,4.307718753814697,386,,,,0.011758239008486271
,,7.033135890960693,,3.694741725921631,387,,,,0.0667954832315445
,,9.092757225036621,,4.252908229827881,388,,,,0.07286683470010757
,,9.585744857788086,,4.353931903839111,389,,,,0.009749813936650753
77,8.83945083618164,,4.171097278594971,,779,,,0.04106283187866211,
77,,,,,779,0.028713084757328033,,,
,,9.160757064819336,,4.2661261558532715,390,,,,0.04794074967503548
,,9.4930419921875,,4.326667785644531,391,,,,0.013978680595755577
,,7.1053314208984375,,3.7135303020477295,392,,,,0.11424709856510162
,,9.180643081665039,,4.273393154144287,393,,,,0.0675634816288948
,,9.670202255249023,,4.37304162979126,394,,,,0.01085165049880743
78,8.921995162963867,,4.1905517578125,,789,,,0.05091632902622223,
78,,,,,789,0.026788001880049706,,,
79,,,,,799,,0.04350949078798294,,
,,9.187173843383789,,4.272007942199707,395,,,,0.044581346213817596
,,9.519707679748535,,4.332426071166992,396,,,,0.00941495131701231
,,7.1276044845581055,,3.7189555168151855,397,,,,0.06885497272014618
,,9.214044570922852,,4.281159400939941,398,,,,0.08053408563137054
,,9.699705123901367,,4.379615306854248,399,,,,0.008383357897400856
79,8.949646949768066,,4.19683313369751,,799,,,0.04235374554991722,
79,,,,,799,0.022578028962016106,,,
,,9.207714080810547,,4.276766777038574,400,,,,0.04272276908159256
,,9.547942161560059,,4.338929176330566,401,,,,0.01277660857886076
,,7.138688087463379,,3.722054958343506,402,,,,0.06422179192304611
,,9.226909637451172,,4.284006595611572,403,,,,0.0707889124751091
,,9.728414535522461,,4.386117935180664,404,,,,0.010103526525199413
80,8.969934463500977,,4.201574802398682,,809,,,0.04012272506952286,
80,,,,,809,0.02471395768225193,,,
,,9.230460166931152,,4.28181791305542,405,,,,0.047267310321331024
,,9.577685356140137,,4.345486640930176,406,,,,0.014933072030544281
,,7.152298927307129,,3.7255280017852783,407,,,,0.07315780222415924
,,9.248553276062012,,4.288924694061279,408,,,,0.07925526797771454
,,9.760717391967773,,4.393357276916504,409,,,,0.009918050840497017
81,8.993943214416504,,4.207022666931152,,819,,,0.04490630328655243,
81,,,,,819,0.02511204220354557,,,
,,9.268486976623535,,4.290371894836426,410,,,,0.04380742833018303
,,9.623258590698242,,4.355545520782471,411,,,,0.01080316212028265
,,7.173379421234131,,3.730813980102539,412,,,,0.06170995905995369
,,9.287282943725586,,4.29780912399292,413,,,,0.074067123234272
,,9.809011459350586,,4.404129505157471,414,,,,0.01871797814965248
82,9.032283782958984,,4.215733528137207,,829,,,0.041821133345365524,
82,,,,,829,0.0262419693171978,,,
,,9.305547714233398,,4.298745155334473,415,,,,0.04610595852136612
,,9.671507835388184,,4.3663201332092285,416,,,,0.010452463291585445
,,7.191548824310303,,3.7355265617370605,417,,,,0.07128192484378815
,,9.318601608276367,,4.304886341094971,418,,,,0.06752200424671173
,,9.858972549438477,,4.415285587310791,419,,,,0.017978128045797348
83,9.069235801696777,,4.2241530418396,,839,,,0.042668092995882034,
83,,,,,839,0.023242924362421036,,,
84,,,,,849,,0.04027734324336052,,
,,9.386602401733398,,4.317275047302246,420,,,,0.04254170507192612
,,9.764595985412598,,4.387301921844482,421,,,,0.01356330793350935
,,7.249267578125,,3.7506604194641113,422,,,,0.07903476804494858
,,9.390863418579102,,4.321358680725098,423,,,,0.07426643371582031
,,9.954266548156738,,4.436579704284668,424,,,,0.014056617394089699
84,9.14911937713623,,4.242635250091553,,849,,,0.044692568480968475,
84,,,,,849,0.026399090886116028,,,
,,9.401205062866211,,4.32082986831665,425,,,,0.03605932742357254
,,9.769920349121094,,4.3886027336120605,426,,,,0.015696102753281593
,,7.2708845138549805,,3.7561683654785156,427,,,,0.06580563634634018
,,9.412090301513672,,4.326423168182373,428,,,,0.07746132463216782
,,9.958511352539062,,4.437521934509277,429,,,,0.012627874501049519
85,9.162522315979004,,4.245909214019775,,859,,,0.041530050337314606,
85,,,,,859,0.0233298372477293,,,
,,9.368349075317383,,4.313371658325195,430,,,,0.043777965009212494
,,9.733774185180664,,4.380500793457031,431,,,,0.012135937809944153
,,7.2483038902282715,,3.750288486480713,432,,,,0.07738552987575531
,,9.381282806396484,,4.319405555725098,433,,,,0.07703274488449097
,,9.920882225036621,,4.42912483215332,434,,,,0.010384155437350273
86,9.130518913269043,,4.238537788391113,,869,,,0.04414326697587967,
86,,,,,869,0.023630326613783836,,,
,,9.380337715148926,,4.316123962402344,435,,,,0.03857921063899994
,,9.749399185180664,,4.384045600891113,436,,,,0.011500556953251362
,,7.259068489074707,,3.7531533241271973,437,,,,0.0700933188199997
,,9.390425682067871,,4.321473121643066,438,,,,0.05900163576006889
,,9.936477661132812,,4.432609558105469,439,,,,0.011176185682415962
87,9.143141746520996,,4.241480827331543,,879,,,0.038070183247327805,
87,,,,,879,0.023848190903663635,,,
,,9.346673965454102,,4.308323383331299,440,,,,0.04314103350043297
,,9.708086967468262,,4.374503135681152,441,,,,0.009262824431061745
,,7.2391462326049805,,3.7476112842559814,442,,,,0.0713101252913475
,,9.369134902954102,,4.316778659820557,443,,,,0.07465595006942749
,,9.895486831665039,,4.423374176025391,444,,,,0.00879753939807415
88,9.111705780029297,,4.2341179847717285,,889,,,0.04143349826335907,
88,,,,,889,0.02551226131618023,,,
89,,,,,899,,0.017915921285748482,,
,,9.382842063903809,,4.316710472106934,445,,,,0.04825250059366226
,,9.7526273727417,,4.38466739654541,446,,,,0.008500417694449425
,,7.261387825012207,,3.753641128540039,447,,,,0.06830893456935883
,,9.396458625793457,,4.322928428649902,448,,,,0.0801430270075798
,,9.938638687133789,,4.433042049407959,449,,,,0.009265977889299393
89,9.146390914916992,,4.2421979904174805,,899,,,0.04289417341351509,
89,,,,,899,0.02702922746539116,,,
,,9.397268295288086,,4.320116996765137,450,,,,0.045808978378772736
,,9.763322830200195,,4.387066841125488,451,,,,0.010427111759781837
,,7.278695583343506,,3.75803804397583,452,,,,0.06892688572406769
,,9.414884567260742,,4.3272705078125,453,,,,0.06648413091897964
,,9.94870662689209,,4.4352707862854,454,,,,0.012225216254591942
90,9.160575866699219,,4.2455525398254395,,909,,,0.04077446460723877,
90,,,,,909,0.02437923103570938,,,
,,9.446379661560059,,4.331157684326172,455,,,,0.03524184226989746
,,9.829889297485352,,4.401900768280029,456,,,,0.010245329700410366
,,7.305140495300293,,3.765080213546753,457,,,,0.07118324935436249
,,9.45335578918457,,4.335845470428467,458,,,,0.0573701485991478
,,10.0164155960083,,4.450331687927246,459,,,,0.01336647104471922
91,9.210236549377441,,4.256863594055176,,919,,,0.037481408566236496,
91,,,,,919,0.023357601836323738,,,
,,9.411378860473633,,4.32307767868042,460,,,,0.04804127663373947
,,9.794873237609863,,4.3939008712768555,461,,,,0.011697276495397091
,,7.275770664215088,,3.757323741912842,462,,,,0.08271263539791107
,,9.421628952026367,,4.3285980224609375,463,,,,0.06838810443878174
,,9.981043815612793,,4.442408084869385,464,,,,0.0139805618673563
92,9.1769380569458,,4.2490620613098145,,929,,,0.04496397078037262,
92,,,,,929,0.023037277162075043,,,
,,9.535654067993164,,4.351066589355469,465,,,,0.03793810307979584
,,9.942824363708496,,4.4266862869262695,466,,,,0.010790664702653885
,,7.354376792907715,,3.7776007652282715,467,,,,0.06752003729343414
,,9.535543441772461,,4.354272842407227,468,,,,0.08501654863357544
,,10.133572578430176,,4.476164817810059,469,,,,0.015570348128676414
93,9.300394058227539,,4.277158260345459,,939,,,0.043367136269807816,
93,,,,,939,0.02633252553641796,,,
94,,,,,949,,0.009021922945976257,,
,,9.5372896194458,,4.351305961608887,470,,,,0.04641302675008774
,,9.936376571655273,,4.424853324890137,471,,,,0.00937829539179802
,,7.359794616699219,,3.7784740924835205,472,,,,0.08237476646900177
,,9.553398132324219,,4.3585991859436035,473,,,,0.06343124806880951
,,10.129938125610352,,4.475245475769043,474,,,,0.009273955598473549
94,9.303359031677246,,4.277695655822754,,949,,,0.042174264788627625,
94,,,,,949,0.022825991734862328,,,
,,9.598165512084961,,4.365414619445801,475,,,,0.045005571097135544
,,9.989225387573242,,4.4368510246276855,476,,,,0.011289194226264954
,,7.417977809906006,,3.7934811115264893,477,,,,0.07101717591285706
,,9.617998123168945,,4.373455047607422,478,,,,0.07445788383483887
,,10.182571411132812,,4.486922264099121,479,,,,0.005805210210382938
95,9.361187934875488,,4.291224956512451,,959,,,0.041515007615089417,
95,,,,,959,0.02382608875632286,,,
,,9.698628425598145,,4.38839864730835,480,,,,0.05043443292379379
,,10.09276008605957,,4.460171222686768,481,,,,0.016419727355241776
,,7.499505043029785,,3.814666271209717,482,,,,0.0701904371380806
,,9.710311889648438,,4.394293785095215,483,,,,0.06688936054706573
,,10.285786628723145,,4.509711742401123,484,,,,0.010877462103962898
96,9.457398414611816,,4.313448905944824,,969,,,0.04296228289604187,
96,,,,,969,0.023271555081009865,,,
,,9.616901397705078,,4.370112419128418,485,,,,0.044645756483078
,,9.993025779724121,,4.438117504119873,486,,,,0.010577559471130371
,,7.448307991027832,,3.8013477325439453,487,,,,0.07432223111391068
,,9.64122486114502,,4.3789262771606445,488,,,,0.06660179048776627
,,10.183906555175781,,4.487303733825684,489,,,,0.0114793311804533
97,9.376672744750977,,4.295161724090576,,979,,,0.04152533411979675,
97,,,,,979,0.02225412428379059,,,
,,9.61703872680664,,4.370060443878174,490,,,,0.042843349277973175
,,9.994338989257812,,4.438321113586426,491,,,,0.007626859005540609
,,7.448269844055176,,3.8012454509735107,492,,,,0.07562927156686783
,,9.642157554626465,,4.379108428955078,493,,,,0.07703655958175659
,,10.186009407043457,,4.487738609313965,494,,,,0.008042882196605206
98,9.377562522888184,,4.295294761657715,,989,,,0.042235784232616425,
98,,,,,989,0.02655642293393612,,,
99,,,,,999,,0.009777870029211044,,
,,9.718770980834961,,4.392796993255615,495,,,,0.040373992174863815
,,10.127283096313477,,4.46781063079834,496,,,,0.020313115790486336
,,7.503320217132568,,3.815807819366455,497,,,,0.0662616565823555
,,9.717883110046387,,4.395666599273682,498,,,,0.07566916197538376
,,10.320996284484863,,4.5174360275268555,499,,,,0.026684200391173363
99,9.47765064239502,,4.317903518676758,,999,,,0.045860424637794495,
99,,,,,999,0.02289355732500553,,,
